PDB_ID,Original_Chain,Residue_Range,Segment_Length
6OCG,B,'1-24,24
5Z0W,F,'1-28,28
4ZW2,B,'2-16,15
5WSV,B,'2-28,27
3VGX,D,'4-27,24
7KL5,B,'1-27,27
7LEW,B,'2-26,25
7OY2,X,'1-24,24
6LY5,m,'2-27,26
2F3Y,B,'2-16,15
3H8K,B,'2-27,26
4E17,B,'2-27,26
6TRR,B,'1-20,20
2HWN,E,'3-18,16
6WZG,P,'1-26,26
3S90,C,'1-25,25
5Y14,F,'1-26,26
5H17,B,'1-23,23
5WXM,U,'1-24,24
5TIS,Y,'1-23,23
5ZCX,A,'1-30,30
6Y4O,B,'2-23,22
1ZAW,Y,'14-27,14
5MWE,C,'3-25,23
3KIK,E,'2-25,24
7SA3,I,'2-25,24
6J9L,E,'1-24,24
5OTX,B,'3-24,22
3WY9,C,'1-24,24
7A4T,B,'1-25,25
6YB5,C,'2-25,24
4MQV,B,'2-25,24
5UUK,B,'1-21,21
3RA3,B,'1-24,24
1M46,B,'1-24,24
7E1T,D,'1-24,24
1M45,B,'1-24,24
3LCN,C,'1-24,24
7M5A,B,'1-21,21
5VMO,B,'3-23,21
6YLD,B,'2-23,22
1T01,B,'1-22,22
3S6P,F,'3-23,21
3F1I,C,'1-23,23
4QVF,B,'1-20,20
1YDI,B,'2-23,22
6XY4,B,'2-23,22
2W73,K,'2-15,14
4RIQ,F,'2-17,16
2FOT,C,'2-22,21
6MBD,C,'1-22,22
5JGE,A,'3-27,25
5NL1,I,'3-22,20
2XPX,B,'1-21,21
7F69,C,'1-20,20
2VOG,B,'1-21,21
4DJ9,B,'1-21,21
4XTR,G,'1-20,20
6MBB,B,'1-20,20
6FBX,B,'2-21,20
1ZVZ,B,'2-21,20
5GHW,P,'4-20,17
6E3J,B,'1-20,20
5VAU,E,'2-19,18
4RT4,E,'3-20,18
1ZW2,B,'2-18,17
6JMU,C,'2-18,17
5F74,B,'2-18,17
5MK0,B,'2-19,18
2O5G,B,'2-18,17
6SBA,B,'2-19,18
5MJY,F,'3-19,17
1T6O,B,'2-17,16
4RS9,B,'2-17,16
4GEQ,F,'3-18,16
6BZ3,D,'2-18,17
5FML,A,'2-18,17
4NM3,B,'3-18,16
1CM1,B,'3-17,15
2IZX,C,'2-17,16
2D3G,P,'2-17,16
6G5G,P,'2-16,15
4YL6,B,'2-17,16
3FFD,P,'2-16,15
3BXL,B,'2-16,15
2OBH,C,'2-15,14
6NJG,B,'2-15,14
6JLH,B,'3-16,14
4OH4,E,'2-14,13
2Y4V,B,'2-15,14
4HW4,C,'2-15,14
4XEF,B,'2-14,13
6OCX,J,'2-14,13
5EPP,B,'2-14,13
4UWX,C,'2-14,13
2QAC,T,'2-13,12
4A5X,C,'2-13,12
5W2J,F,'2-13,12
5AER,B,'2-13,12
6I2G,B,'2-12,11
6G0Y,I,'2-12,11
6YN0,B,'2-12,11
5V3R,B,'2-12,11
4DJC,B,'2-12,11
5Y59,C,'2-11,10
2HT9,X,'2-11,10
3TDI,D,'2-11,10
5T6J,C,'2-11,10
4XGZ,a,'2-11,10
