pdb_id,chain_id
1vyt,E
1vyt,F
2pw8,L
3h8k,B
1ydi,B
1ty4,C
1ty4,D
3kj2,B
1pq1,B
3dvu,C
3dvu,D
2vog,B
2be6,D
2be6,E
2be6,F
3im4,A
3im4,B
3im4,C
2wh6,B
3c3q,B
4g0d,X
4g0d,Z
2vut,I
2vut,J
2vut,K
2vut,L
2vut,M
2vut,N
2vut,O
2vut,P
3mth,B
3mth,D
2jm6,A
4i7z,D
4i7z,E
4i7z,F
4i7z,G
4i7z,H
3htu,B
3htu,D
3htu,F
3htu,H
2c7m,A
2p1l,B
2p1l,D
2p1l,F
2p1l,H
1i5k,C
1i5k,D
2gl7,B
2gl7,C
2gl7,E
2gl7,F
1kkq,F
3m9d,P
3m9d,Q
3m9d,R
4kbb,C
4kbb,D
1xow,B
1g0v,B
2doh,C
2hwn,A
2hwn,B
2hwn,C
2hwn,D
2hwn,E
2hwn,F
4udb,B
3iol,B
3qbr,B
3qbr,Y
2roc,B
1q0w,A
2qna,B
2aus,D
2aus,B
2xa0,C
2xa0,D
2apo,B
4isq,D
4isq,E
4isq,F
4h2s,C
6og4,C
2fif,B
2fif,D
2fif,F
2qxv,B
4geq,B
4geq,D
4geq,E
4geq,F
3c4m,C
3c4m,D
2ey4,E
2ey4,F
2xze,Q
2xze,R
