PDB,peptide chain,residues,residues,RMSD,resnN,phi,psi,dphi,dpsi,phase
7SA3,I,2,25,0.829,24,-60.7,-45,0.2,1.8,315
7OY2,X,2,28,1,27,-59.9,-45.6,1.4,2.4,305
7M5A,B,81,101,0.587,21,-59.1,-45.9,0.2,0,105
7LEW,B,379,401,0.587,23,-60.8,-44,1.6,2,85
7KL5,B,4247,4273,0.627,27,-57.2,-46.4,2,4,345
7F69,C,209,229,0.599,21,-59.8,-44.6,0,2,345
7E1T,D,98,121,0.617,24,-57.4,-46.3,0.8,2,105
7A4T,B,1,26,0.841,26,-59.4,-45.2,0.8,2.6,260
6YN0,B,80,89,0.551,10,-62.8,-42.1,0.8,2.2,145
6YLD,B,4,23,0.841,20,-58.7,-44.8,0.4,0.4,205
6YB5,C,37,51,0.524,15,-61,-42.6,0,1.8,260
6Y4O,B,3617,3637,0.516,21,-59.3,-44.7,0.2,0.2,120
6XY4,B,29,48,0.603,20,-58.6,-45,2.8,4.4,180
6WZG,P,2,27,0.694,26,-59.9,-45.8,0.6,0,110
6TRR,B,153,172,0.555,20,-57.6,-46.8,1.2,3.2,175
6OCX,J,3,14,0.375,12,-61.1,-44.4,0.2,0,30
6OCG,B,27,44,0.537,18,-59.4,-45.1,0,4,260
6NJG,B,1,15,0.297,15,-58.3,-45.8,2.6,1.2,35
6MBD,C,2,17,0.55,20,-59.1,-45.7,1.4,2.6,75
6MBB,B,3,20,0.633,18,-58.6,-45.7,2.2,0,140
6LY5,m,11,29,0.49,19,-60.5,-43.6,2.2,0,20
6JMU,C,259,277,0.422,19,-57.7,-46.6,1.8,2.2,255
6JLH,B,3,15,0.364,13,-57.1,-47.5,1.2,1,145
6J9L,E,45,60,0.414,16,-57.4,-47,0.2,0.8,350
6I2G,B,3,12,0.265,10,-58.1,-45,4.8,0.2,160
6G5G,P,44,59,0.42,16,-58.3,-44.5,3.2,3.2,45
6G0Y,I,9,19,0.419,11,-56.2,-47.7,3.4,1.4,70
6FBX,B,5,22,0.505,18,-60.1,-44.3,0,2.8,250
6E3J,B,3,21,0.631,19,-59.9,-45.3,1.4,0.4,60
6BZ3,D,1421,1438,0.381,18,-59.6,-43.7,1.6,0,85
5ZCX,A,25,55,0.827,31,-60.6,-43,0.8,0.8,210
5Z0W,F,117,145,0.876,29,-61.3,-44.2,0.8,1.8,20
5Y59,C,104,114,0.398,11,-59.2,-44.8,0,3,300
5Y14,F,127,153,0.659,27,-59.1,-45.2,1.2,2,305
5WXM,U,429,451,0.688,23,-60.1,-45,1,1.8,150
5WSV,B,826,854,0.813,29,-59.6,-44.9,1,1.8,220
5W2J,F,4,14,0.637,11,-65.1,-42.3,1.6,6.4,340
5VMO,B,120,138,0.608,19,-59.9,-45.8,2.4,5.6,240
5VAU,E,129,132,0.073,4,-58.9,-44.3,8,0,120
5V3R,B,221,233,0.462,13,-59.8,-42.8,1.2,1.8,150
5UUK,B,4,23,0.65,20,-58.9,-44.8,1.4,1.4,290
5TIS,Y,23,42,0.93,20,-64.9,-39.3,3.8,7.6,335
5T6J,C,560,571,0.459,12,-61,-44.2,0.2,0.6,15
5OTX,B,13,33,0.74,21,-58.8,-43.8,3,4.8,80
5NL1,I,6,19,0.361,14,-59.9,-43.9,0,2.2,325
5MWE,C,521,543,0.612,23,-58.1,-47,0.4,1,345
5MK0,B,2,20,0.775,19,-58.1,-44.9,2.8,6,160
5MJY,F,4,21,0.731,18,-57.7,-44.1,3.2,8,350
5JGE,A,161,185,0.708,25,-59.1,-45.6,1.6,1.2,65
5H17,B,41,63,0.692,23,-58.4,-46.5,1.4,3.2,195
5GHW,P,672,689,0.438,18,-58.8,-45.9,0,0.6,330
5FML,A,754,765,0.424,12,-57.4,-47.2,0,0.6,315
5F74,B,117,133,0.681,17,-57,-47.4,3,3,200
5EPP,B,301,311,0.35,11,-59.6,-45.1,0,1,305
5AER,B,431,441,0.348,11,-62.9,-41.8,0.8,7.6,335
4ZW2,B,1,18,0.679,18,-58.9,-45.6,2.2,0.6,115
4YL6,B,2,18,0.443,17,-58.8,-45.8,0.4,3.8,40
4XTR,G,266,286,0.771,21,-58.1,-45.6,0.8,3,0
4XGZ,a,4,12,0.381,9,-60.4,-42.8,6.4,2.4,115
4XEF,B,2,15,0.306,14,-60.4,-42.1,0,0.8,295
4UWX,C,568,581,0.28,14,-59.9,-43.3,0.4,0,185
4RT4,E,481,498,0.533,18,-59.2,-45,1,1.2,100
4RS9,B,219,236,0.624,18,-54.8,-48.9,0,4,320
4RIQ,F,506,521,0.408,16,-57.9,-46.4,2,2.6,265
4QVF,B,55,72,0.478,18,-59.3,-46,0,3.8,330
4OH4,E,307,321,0.332,15,-58.3,-45.1,0.8,1.8,70
4NM3,B,385,399,0.507,15,-58.7,-46.3,1.6,4,305
4MQV,B,9,25,0.44,17,-59.1,-45.5,1.4,0.4,140
4HW4,C,1,15,0.41,15,-59.7,-45.6,0,2,285
4GEQ,F,63,79,0.568,17,-60.4,-45.6,1,2,40
4E17,B,328,352,0.683,25,-60.3,-44.9,1.2,1.6,70
4DJC,B,1490,1501,0.305,12,-59.7,-43.7,0,4,255
4DJ9,B,2079,2098,0.532,20,-60.5,-43.1,0.6,0.6,95
4A5X,C,183,196,0.371,14,-61.4,-42.5,2.4,0.2,130
3WY9,C,83,106,0.416,24,-57.7,-45.7,0.8,0.6,210
3VGX,D,628,651,0.781,24,-59.1,-45.7,0.4,1.2,15
3TDI,D,3,12,0.255,10,-56.2,-45.3,4.4,0.2,170
3S90,C,1521,1545,0.706,25,-59.8,-44.9,1.4,0.6,140
3S6P,F,579,598,0.629,20,-60.2,-43.5,1.2,2.6,65
3RA3,B,4,26,0.618,23,-61.5,-43.5,0.6,1,240
3LCN,C,126,150,0.666,25,-59.8,-44.1,0,0.6,295
3KIK,E,8,30,0.728,23,-60.3,-45.4,2.4,4.4,140
3H8K,B,575,600,0.81,26,-58.9,-45.9,1.8,2,80
3FFD,P,14,29,0.472,16,-61.1,-43.4,0.4,1.8,240
3F1I,C,338,361,0.744,24,-59.9,-44.5,2.4,2.8,140
3BXL,B,1819,1835,0.426,17,-56.9,-47.5,0,2,355
2Y4V,B,304,319,0.462,16,-58.5,-44.5,0,1.8,145
2XPX,B,70,90,0.571,21,-57.5,-46,0,2,305
2W73,K,395,406,0.293,12,-60.3,-43.6,1,0.6,35
2VOG,B,129,148,0.468,20,-58.6,-46.7,0.4,1,95
2QAC,T,804,816,0.353,13,-58.8,-44.2,0.2,1,105
2OBH,C,847,862,0.463,16,-56.9,-48.2,1.2,1.6,85
2O5G,B,1,19,0.411,19,-59.4,-45.4,0,3.4,215
2IZX,C,5,21,0.541,17,-59.8,-45,0,0.4,355
2HWN,E,3,20,0.563,18,-58.1,-46.9,0.6,0.6,60
2HT9,X,9,2,0.491,12,-62.1,-44.8,2.6,2.2,310
2FOT,C,1191,1209,0.581,19,-60.5,-44.5,1.8,1.4,115
2F3Y,B,1666,1681,0.321,16,-57.1,-46,1,0.2,165
2D3G,P,258,274,0.52,17,-58.5,-46.7,0,0.8,355
1ZW2,B,2345,2363,0.497,19,-59.7,-45.4,0.6,1.2,260
1ZVZ,B,823,842,0.542,20,-60.2,-44.7,0.8,1,315
1YDI,B,743,762,0.478,20,-58,-45.8,1.2,0.2,35
1T6O,B,486,502,0.33,17,-61.9,-42.2,0.4,0,105
1T01,B,605,627,0.7,23,-59.4,-45,0.8,0.6,185
1M46,B,854,877,0.586,24,-57.3,-45.8,0.8,0.6,160
1M45,B,807,830,0.593,24,-58.8,-45.7,1.2,3.4,330
1CM1,B,295,309,0.485,15,-64.3,-42.1,3,0.2,125
